{
  "n_samples": 832,
  "char_length_cuts": [
    6489.723,
    11253.0
  ],
  "n_folds": 5,
  "seed": 0,
  "buckets": {
    "short": {
      "auc_mean": 0.9274282743400389,
      "auc_std": 0.016145958649242436,
      "acc_mean": 0.8302342394447658,
      "acc_std": 0.020398553751084385,
      "fold_aucs": [
        0.9394957983193277,
        0.9444444444444444,
        0.9144385026737968,
        0.9318181818181819,
        0.9069444444444444
      ],
      "fold_accs": [
        0.8269230769230769,
        0.8571428571428571,
        0.8214285714285714,
        0.8421052631578947,
        0.8035714285714286
      ]
    },
    "medium": {
      "auc_mean": 0.913473297992474,
      "auc_std": 0.04806263873766496,
      "acc_mean": 0.8000434781301096,
      "acc_std": 0.048090889957837085,
      "fold_aucs": [
        0.8856304985337243,
        0.8470764617691154,
        0.9582309582309583,
        0.9585714285714286,
        0.9178571428571428
      ],
      "fold_accs": [
        0.7735849056603774,
        0.75,
        0.864406779661017,
        0.8363636363636363,
        0.7758620689655172
      ]
    },
    "long": {
      "auc_mean": 0.9100402001679091,
      "auc_std": 0.048230277341983076,
      "acc_mean": 0.8539551183779789,
      "acc_std": 0.04505641173134701,
      "fold_aucs": [
        0.9267676767676768,
        0.95,
        0.829059829059829,
        0.9391447368421053,
        0.9052287581699348
      ],
      "fold_accs": [
        0.8709677419354839,
        0.8983050847457628,
        0.803921568627451,
        0.8888888888888888,
        0.8076923076923077
      ]
    }
  },
  "overall": {
    "auc_mean": 0.9264916346465583,
    "auc_std": 0.013404229537361858
  },
  "feature_summary": {
    "buckets": {
      "short": {
        "n_samples": 277,
        "n_pos": 174,
        "n_neg": 103,
        "char_min": 978,
        "char_max": 6480,
        "char_median": 4292,
        "ntok_min": 200,
        "ntok_max": 1866,
        "ntok_median": 1002
      },
      "medium": {
        "n_samples": 277,
        "n_pos": 162,
        "n_neg": 115,
        "char_min": 6490,
        "char_max": 11249,
        "char_median": 8673,
        "ntok_min": 1272,
        "ntok_max": 3776,
        "ntok_median": 2124
      },
      "long": {
        "n_samples": 278,
        "n_pos": 83,
        "n_neg": 195,
        "char_min": 11253,
        "char_max": 30536,
        "char_median": 16927,
        "ntok_min": 2350,
        "ntok_max": 7594,
        "ntok_median": 4272
      }
    }
  }
}