{
  "cyber_1": {
    "best_layer": 40,
    "n_samples": 999,
    "length_cuts_chars": [
      4748.071199999999,
      9612.765800000001
    ],
    "buckets": {
      "short": {
        "auc_mean": 0.9793337087269176,
        "auc_std": 0.014490887804959345,
        "n_per_fold_mean": 66.6,
        "fold_aucs": [
          0.9873271889400922,
          0.9917293233082707,
          0.9546643417611159,
          0.983,
          0.9799476896251089
        ]
      },
      "medium": {
        "auc_mean": 0.9796737577335299,
        "auc_std": 0.009470314936380076,
        "n_per_fold_mean": 66.6,
        "fold_aucs": [
          0.9795249795249796,
          0.9660633484162896,
          0.9858870967741935,
          0.9907407407407407,
          0.9761526232114467
        ]
      },
      "long": {
        "auc_mean": 0.9914340924635041,
        "auc_std": 0.011173542710158527,
        "n_per_fold_mean": 66.6,
        "fold_aucs": [
          0.9727564102564102,
          1.0,
          0.9898648648648649,
          0.9990740740740741,
          0.995475113122172
        ]
      },
      "overall": {
        "auc_mean": 0.9825244444444443,
        "auc_std": 0.006258078236158172
      }
    }
  },
  "cyber_2": {
    "best_layer": 40,
    "n_samples": 1000,
    "length_cuts_chars": [
      4829.6004,
      8875.5661
    ],
    "buckets": {
      "short": {
        "auc_mean": 0.9471426262895898,
        "auc_std": 0.028028374594315595,
        "n_per_fold_mean": 66.6,
        "fold_aucs": [
          0.8994285714285715,
          0.9546783625730995,
          0.95,
          0.9730263157894737,
          0.9585798816568047
        ]
      },
      "medium": {
        "auc_mean": 0.9499425854648781,
        "auc_std": 0.009335785557971044,
        "n_per_fold_mean": 66.8,
        "fold_aucs": [
          0.9628647214854111,
          0.9494252873563219,
          0.9453441295546559,
          0.9540942928039702,
          0.937984496124031
        ]
      },
      "long": {
        "auc_mean": 0.9443357486093593,
        "auc_std": 0.03701622127741391,
        "n_per_fold_mean": 66.6,
        "fold_aucs": [
          0.9652777777777778,
          0.8787878787878788,
          0.9526785714285715,
          0.9655172413793104,
          0.9594172736732571
        ]
      },
      "overall": {
        "auc_mean": 0.94622,
        "auc_std": 0.012101941992919958
      }
    }
  },
  "cyber_3": {
    "best_layer": 35,
    "n_samples": 1000,
    "length_cuts_chars": [
      4381.9001,
      8389.2664
    ],
    "buckets": {
      "short": {
        "auc_mean": 0.9696184393277788,
        "auc_std": 0.01427789250323155,
        "n_per_fold_mean": 66.6,
        "fold_aucs": [
          0.96,
          0.951829268292683,
          0.9889112903225806,
          0.9744897959183673,
          0.9728618421052632
        ]
      },
      "medium": {
        "auc_mean": 0.9630741363316278,
        "auc_std": 0.02337971498221951,
        "n_per_fold_mean": 66.8,
        "fold_aucs": [
          0.9875930521091811,
          0.9595238095238094,
          0.9329268292682927,
          0.9500328731097962,
          0.9852941176470588
        ]
      },
      "long": {
        "auc_mean": 0.9297220407234802,
        "auc_std": 0.03682347993295254,
        "n_per_fold_mean": 66.6,
        "fold_aucs": [
          0.939655172413793,
          0.8688172043010752,
          0.9529529529529529,
          0.925,
          0.9621848739495799
        ]
      },
      "overall": {
        "auc_mean": 0.95486,
        "auc_std": 0.01613096401335027
      }
    }
  }
}