{
  "layer": 35,
  "n_train_per_task": {
    "cyber_1": 750,
    "cyber_2": 1125,
    "cyber_3": 1500,
    "refusal": 589
  },
  "n_test_per_task": {
    "cyber_1": 918,
    "cyber_2": 1361,
    "cyber_3": 2175,
    "refusal": 289
  },
  "matrix": {
    "cyber_1": {
      "cyber_1": 0.9806232992169925,
      "cyber_2": 0.9404928763579672,
      "cyber_3": 0.7357097595892599,
      "refusal": 0.6601629913710451
    },
    "cyber_2": {
      "cyber_1": 0.9478014233360372,
      "cyber_2": 0.9721890260995294,
      "cyber_3": 0.7769038158457704,
      "refusal": 0.7773729626078619
    },
    "cyber_3": {
      "cyber_1": 0.8457573194796827,
      "cyber_2": 0.8130738626024777,
      "cyber_3": 0.9678576779972813,
      "refusal": 0.8129913710450624
    },
    "refusal": {
      "cyber_1": 0.6818205353906694,
      "cyber_2": 0.826866236838352,
      "cyber_3": 0.7957005164940506,
      "refusal": 0.9170182166826463
    }
  }
}