feature,pearson_r
judge_score,0.16455368121152902
thinking_chars,0.06813471689498093
response_words,-0.2624064791455682
n_tokens,-0.40216552077714285
prompt_chars,-0.4021704467800671
prompt_words,-0.40292387645734873
response_chars,-0.5156803952188842
