{
  "refusal_gemma": {
    "LR_mean_L0": {
      "train_auc": 0.9972404030959431,
      "test_auc": 0.8414494264859228
    },
    "LR_mean_L5": {
      "train_auc": 0.9700859695600228,
      "test_auc": 0.847393117831074
    },
    "LR_mean_L10": {
      "train_auc": 0.9952534933250221,
      "test_auc": 0.8814911366006255
    },
    "LR_mean_L15": {
      "train_auc": 0.9945782037296764,
      "test_auc": 0.881230448383733
    },
    "LR_mean_L20": {
      "train_auc": 0.9990195314529116,
      "test_auc": 0.8840980187695516
    },
    "LR_mean_L25": {
      "train_auc": 0.9998376707703496,
      "test_auc": 0.8862356621480709
    },
    "LR_mean_L30": {
      "train_auc": 0.9995909303412809,
      "test_auc": 0.912460896767466
    },
    "LR_mean_L35": {
      "train_auc": 0.9999155888005818,
      "test_auc": 0.9126173096976017
    },
    "LR_mean_L40": {
      "train_auc": 0.9999285751389538,
      "test_auc": 0.9268508863399374
    },
    "LR_mean_L45": {
      "train_auc": 0.9999155888005817,
      "test_auc": 0.8916058394160584
    },
    "LR_mean_L50": {
      "train_auc": 0.9998376707703496,
      "test_auc": 0.8950469238790407
    },
    "LR_mean_L55": {
      "train_auc": 0.9998766297854657,
      "test_auc": 0.9050573514077163
    },
    "LR_mean_L60": {
      "train_auc": 0.9999675341540699,
      "test_auc": 0.9019812304483837
    },
    "LR_last_L5": {
      "train_auc": 0.9169978182951535,
      "test_auc": 0.799895724713243
    },
    "LR_last_L10": {
      "train_auc": 0.9948379304971171,
      "test_auc": 0.8315954118873826
    },
    "LR_last_L15": {
      "train_auc": 0.9921757311308503,
      "test_auc": 0.85985401459854
    },
    "LR_last_L20": {
      "train_auc": 0.9982403511505895,
      "test_auc": 0.8683003128258602
    },
    "LR_last_L25": {
      "train_auc": 0.9999675341540698,
      "test_auc": 0.8766944734098019
    },
    "LR_last_L30": {
      "train_auc": 0.9999675341540699,
      "test_auc": 0.8990615224191867
    },
    "LR_last_L35": {
      "train_auc": 0.9999675341540699,
      "test_auc": 0.9198123044838373
    },
    "LR_last_L40": {
      "train_auc": 0.9999675341540699,
      "test_auc": 0.941657977059437
    },
    "LR_last_L45": {
      "train_auc": 0.9999675341540699,
      "test_auc": 0.9367570385818561
    },
    "LR_last_L50": {
      "train_auc": 0.9999675341540699,
      "test_auc": 0.9331074035453598
    },
    "LR_last_L55": {
      "train_auc": 0.9999675341540698,
      "test_auc": 0.935036496350365
    },
    "LR_last_L60": {
      "train_auc": 0.99996753415407,
      "test_auc": 0.9294577685088634
    },
    "LR_multi_concat": {
      "train_auc": 0.999928575138954,
      "test_auc": 0.9137122002085506
    },
    "LR_mean_of_layers": {
      "train_auc": 0.9982403511505896,
      "test_auc": 0.9089676746611053
    },
    "LR_max_of_layers": {
      "train_auc": 0.9999545478156978,
      "test_auc": 0.9050573514077164
    },
    "Pleshkov_d16_L20": {
      "train_auc": 0.9615539452495975,
      "test_auc": 0.828623566214807
    },
    "Pleshkov_d16_L30": {
      "train_auc": 0.9629564697937769,
      "test_auc": 0.817674661105318
    },
    "Pleshkov_d16_L40": {
      "train_auc": 0.9619045763856424,
      "test_auc": 0.8421272158498436
    },
    "Pleshkov_d16_L50": {
      "train_auc": 0.9549309126798607,
      "test_auc": 0.8538581856100104
    },
    "MLP_L20": {
      "train_auc": 0.999564957664537,
      "test_auc": 0.8794056308654848
    },
    "MLP_L30": {
      "train_auc": 0.9996428756947691,
      "test_auc": 0.9206986444212721
    },
    "MLP_L40": {
      "train_auc": 0.9997857254168614,
      "test_auc": 0.9187174139728884
    },
    "MLP_L50": {
      "train_auc": 0.9989805724377955,
      "test_auc": 0.8833159541188739
    },
    "Constitutional_concat": {
      "train_auc": 0.5,
      "test_auc": 0.5
    }
  }
}