{
  "task": "refusal_gemma4_31b",
  "layer": 30,
  "n_samples": 832,
  "d_model": 5376,
  "hyperparameters": {
    "d_hidden": 100,
    "n_heads": 10,
    "window_size": 10,
    "lr": 0.0001,
    "weight_decay": 0.003,
    "n_steps": 600,
    "batch_size": 6,
    "seed": 0,
    "n_folds": 5
  },
  "char_length_cuts": [
    6489.723,
    11253.0
  ],
  "wall_time_seconds": 4847.334912538528,
  "overall": {
    "auc_fold_mean": 0.8771100648764405,
    "auc_fold_std": 0.03519093981638344,
    "auc_pooled": 0.8690066860448318,
    "auc_pooled_ci95": [
      0.8464050560726005,
      0.893617899706863
    ],
    "fold_aucs": [
      0.9123637406769937,
      0.8664658634538153,
      0.9076789084047032,
      0.8734030197444832,
      0.8256387921022067
    ]
  },
  "by_length_tertile": {
    "short": {
      "n_samples": 277,
      "auc_pooled": 0.8469478852806606,
      "auc_pooled_ci95": [
        0.7947848730908248,
        0.8937883868973826
      ],
      "auc_fold_mean": 0.8499002631355573,
      "auc_fold_std": 0.063729499691027,
      "fold_aucs": [
        0.9109243697478991,
        0.8305555555555556,
        0.8943850267379679,
        0.8636363636363636,
        0.75
      ]
    },
    "medium": {
      "n_samples": 277,
      "auc_pooled": 0.8288781535158347,
      "auc_pooled_ci95": [
        0.7753492354234666,
        0.877036050655862
      ],
      "auc_fold_mean": 0.8380055531174164,
      "auc_fold_std": 0.05216909234022005,
      "fold_aucs": [
        0.8343108504398827,
        0.8140929535232383,
        0.914004914004914,
        0.7728571428571429,
        0.8547619047619048
      ]
    },
    "long": {
      "n_samples": 278,
      "auc_pooled": 0.8890330552981156,
      "auc_pooled_ci95": [
        0.8395696572441834,
        0.9287059466061922
      ],
      "auc_fold_mean": 0.9004432212094751,
      "auc_fold_std": 0.03764123095055238,
      "fold_aucs": [
        0.9532828282828284,
        0.9052631578947368,
        0.891025641025641,
        0.9046052631578947,
        0.8480392156862745
      ]
    }
  }
}