{
  "refusal_gemma4_31b": {
    "auc_fold_mean": 0.8771100648764405,
    "auc_pooled": 0.8690066860448318,
    "auc_pooled_ci95": [
      0.8464050560726005,
      0.893617899706863
    ],
    "by_length_tertile": {
      "short": 0.8469478852806606,
      "medium": 0.8288781535158347,
      "long": 0.8890330552981156
    },
    "wall_time_seconds": 4847.334912538528
  }
}