{
  "task": "refusal_gemma4_31b",
  "layer": 30,
  "n_samples": 832,
  "d_model": 5376,
  "hyperparameters": {
    "d_hidden": 100,
    "n_heads": 10,
    "window_size": 10,
    "lr": 0.0001,
    "weight_decay": 0.003,
    "n_steps": 600,
    "batch_size": 6,
    "seed": 0,
    "n_folds": 5
  },
  "char_length_cuts": [
    6489.723,
    11253.0
  ],
  "wall_time_seconds": 9283.98421406746,
  "overall": {
    "auc_fold_mean": 0.9250465022846939,
    "auc_fold_std": 0.018564639241611672,
    "auc_pooled": 0.9094812392009107,
    "auc_pooled_ci95": [
      0.8882209127210126,
      0.9282635853297144
    ],
    "fold_aucs": [
      0.9264199655765921,
      0.9363166953528399,
      0.9285817970677892,
      0.9404761904761905,
      0.8934378629500581
    ]
  },
  "by_length_tertile": {
    "short": {
      "n_samples": 277,
      "auc_pooled": 0.9165271733065506,
      "auc_pooled_ci95": [
        0.8813893583595599,
        0.9459346499553519
      ],
      "auc_fold_mean": 0.9266804600628129,
      "auc_fold_std": 0.029974496246544965,
      "fold_aucs": [
        0.9546218487394957,
        0.9444444444444444,
        0.9385026737967915,
        0.9166666666666667,
        0.8791666666666667
      ]
    },
    "medium": {
      "n_samples": 277,
      "auc_pooled": 0.8838432635534086,
      "auc_pooled_ci95": [
        0.8410437598038006,
        0.9221410452419747
      ],
      "auc_fold_mean": 0.8996417881424895,
      "auc_fold_std": 0.04408017278640897,
      "fold_aucs": [
        0.846041055718475,
        0.8695652173913043,
        0.9533169533169534,
        0.9328571428571428,
        0.8964285714285715
      ]
    },
    "long": {
      "n_samples": 278,
      "auc_pooled": 0.8857584182885389,
      "auc_pooled_ci95": [
        0.8373053251171257,
        0.9324056054438927
      ],
      "auc_fold_mean": 0.9232374621422608,
      "auc_fold_std": 0.043573477553330714,
      "fold_aucs": [
        0.9457070707070706,
        0.9657894736842105,
        0.8782051282051282,
        0.9523026315789473,
        0.8741830065359477
      ]
    }
  }
}