{
  "task": "refusal_gemma4_31b",
  "layer": 30,
  "n_samples": 832,
  "d_model": 5376,
  "hyperparameters": {
    "d_hidden": 100,
    "n_heads": 10,
    "window_size": 10,
    "lr": 0.0001,
    "weight_decay": 0.003,
    "n_steps": 600,
    "batch_size": 6,
    "seed": 0,
    "n_folds": 5
  },
  "char_length_cuts": [
    6489.723,
    11253.0
  ],
  "wall_time_seconds": 5646.72926235199,
  "overall": {
    "auc_fold_mean": 0.8902482732238723,
    "auc_fold_std": 0.03742309611263152,
    "auc_pooled": 0.8808762937236705,
    "auc_pooled_ci95": [
      0.8571443933538749,
      0.903685380183094
    ],
    "fold_aucs": [
      0.9163798049340218,
      0.8803786574870912,
      0.9217593264624764,
      0.9030197444831591,
      0.8297038327526133
    ]
  },
  "by_length_tertile": {
    "short": {
      "n_samples": 277,
      "auc_pooled": 0.8612878027005915,
      "auc_pooled_ci95": [
        0.8152736043578585,
        0.9057794228879397
      ],
      "auc_fold_mean": 0.867886851710381,
      "auc_fold_std": 0.0690495643935649,
      "fold_aucs": [
        0.9142857142857143,
        0.8458333333333333,
        0.9344919786096256,
        0.8851010101010102,
        0.7597222222222222
      ]
    },
    "medium": {
      "n_samples": 277,
      "auc_pooled": 0.8499731615673646,
      "auc_pooled_ci95": [
        0.8037904442907481,
        0.8934696879016594
      ],
      "auc_fold_mean": 0.866510293647886,
      "auc_fold_std": 0.02477577501878073,
      "fold_aucs": [
        0.8313782991202345,
        0.856071964017991,
        0.8955773955773956,
        0.8828571428571428,
        0.8666666666666667
      ]
    },
    "long": {
      "n_samples": 278,
      "auc_pooled": 0.8986098239110288,
      "auc_pooled_ci95": [
        0.855387104475347,
        0.9368769736948376
      ],
      "auc_fold_mean": 0.907047339914987,
      "auc_fold_std": 0.047766888885827516,
      "fold_aucs": [
        0.9671717171717172,
        0.893421052631579,
        0.9252136752136753,
        0.912828947368421,
        0.8366013071895424
      ]
    }
  }
}