{
  "refusal_gemma4_31b": {
    "auc_fold_mean": 0.9250465022846939,
    "auc_pooled": 0.9094812392009107,
    "auc_pooled_ci95": [
      0.8882209127210126,
      0.9282635853297144
    ],
    "by_length_tertile": {
      "short": 0.9165271733065506,
      "medium": 0.8838432635534086,
      "long": 0.8857584182885389
    },
    "wall_time_seconds": 9283.98421406746
  }
}