{
  "refusal_gemma4_31b": {
    "auc_fold_mean": 0.8902482732238723,
    "auc_pooled": 0.8808762937236705,
    "auc_pooled_ci95": [
      0.8571443933538749,
      0.903685380183094
    ],
    "by_length_tertile": {
      "short": 0.8612878027005915,
      "medium": 0.8499731615673646,
      "long": 0.8986098239110288
    },
    "wall_time_seconds": 5646.72926235199
  }
}