{
  "threshold": 0.5,
  "probes": [
    "lr_last_L10",
    "lr_last_L15",
    "lr_last_L20",
    "lr_last_L25",
    "lr_last_L30",
    "lr_last_L35",
    "lr_last_L40",
    "lr_last_L45",
    "lr_last_L5",
    "lr_last_L50",
    "lr_last_L55",
    "lr_last_L60",
    "lr_max_of_layers",
    "lr_mean_L0",
    "lr_mean_L10",
    "lr_mean_L15",
    "lr_mean_L20",
    "lr_mean_L25",
    "lr_mean_L30",
    "lr_mean_L35",
    "lr_mean_L40",
    "lr_mean_L45",
    "lr_mean_L5",
    "lr_mean_L50",
    "lr_mean_L55",
    "lr_mean_L60",
    "lr_mean_of_layers",
    "lr_multi_concat"
  ],
  "edit_kinds": [
    "deepseek_single_round",
    "delete_top1_sentence",
    "delete_top1_word",
    "delete_top3_words",
    "original"
  ],
  "by_probe": {
    "lr_last_L10": {
      "n_orig_refusal": 322,
      "Pr_f_given_edit": {
        "k": 8,
        "n": 322,
        "point": 0.024844720496894408,
        "ci": [
          0.012641682389443479,
          0.04825170875521085
        ]
      },
      "Pr_model_given_edit": {
        "k": 43,
        "n": 322,
        "point": 0.13354037267080746,
        "ci": [
          0.10067442321459508,
          0.17504727714533436
        ]
      },
      "Pr_model_given_f": {
        "k": 6,
        "n": 8,
        "point": 0.75,
        "ci": [
          0.40926987910258916,
          0.9285223111419724
        ]
      }
    },
    "lr_last_L15": {
      "n_orig_refusal": 322,
      "Pr_f_given_edit": {
        "k": 10,
        "n": 322,
        "point": 0.031055900621118012,
        "ci": [
          0.016954610925803745,
          0.056214683602580584
        ]
      },
      "Pr_model_given_edit": {
        "k": 43,
        "n": 322,
        "point": 0.13354037267080746,
        "ci": [
          0.10067442321459508,
          0.17504727714533436
        ]
      },
      "Pr_model_given_f": {
        "k": 6,
        "n": 10,
        "point": 0.6,
        "ci": [
          0.3126695474501864,
          0.8318224187964902
        ]
      }
    },
    "lr_last_L20": {
      "n_orig_refusal": 322,
      "Pr_f_given_edit": {
        "k": 11,
        "n": 322,
        "point": 0.034161490683229816,
        "ci": [
          0.019180197937156473,
          0.06012704828309287
        ]
      },
      "Pr_model_given_edit": {
        "k": 43,
        "n": 322,
        "point": 0.13354037267080746,
        "ci": [
          0.10067442321459508,
          0.17504727714533436
        ]
      },
      "Pr_model_given_f": {
        "k": 6,
        "n": 11,
        "point": 0.5454545454545454,
        "ci": [
          0.28008775568998817,
          0.7872904245601196
        ]
      }
    },
    "lr_last_L25": {
      "n_orig_refusal": 322,
      "Pr_f_given_edit": {
        "k": 2,
        "n": 322,
        "point": 0.006211180124223602,
        "ci": [
          0.0017049497697811389,
          0.022360731223683164
        ]
      },
      "Pr_model_given_edit": {
        "k": 43,
        "n": 322,
        "point": 0.13354037267080746,
        "ci": [
          0.10067442321459508,
          0.17504727714533436
        ]
      },
      "Pr_model_given_f": {
        "k": 2,
        "n": 2,
        "point": 1.0,
        "ci": [
          0.34237195288961925,
          1.0
        ]
      }
    },
    "lr_last_L30": {
      "n_orig_refusal": 322,
      "Pr_f_given_edit": {
        "k": 5,
        "n": 322,
        "point": 0.015527950310559006,
        "ci": [
          0.006650277846010404,
          0.03582925822304891
        ]
      },
      "Pr_model_given_edit": {
        "k": 43,
        "n": 322,
        "point": 0.13354037267080746,
        "ci": [
          0.10067442321459508,
          0.17504727714533436
        ]
      },
      "Pr_model_given_f": {
        "k": 3,
        "n": 5,
        "point": 0.6,
        "ci": [
          0.23071993220883708,
          0.8823817688407467
        ]
      }
    },
    "lr_last_L35": {
      "n_orig_refusal": 322,
      "Pr_f_given_edit": {
        "k": 6,
        "n": 322,
        "point": 0.018633540372670808,
        "ci": [
          0.00856708840594813,
          0.040050399354976195
        ]
      },
      "Pr_model_given_edit": {
        "k": 43,
        "n": 322,
        "point": 0.13354037267080746,
        "ci": [
          0.10067442321459508,
          0.17504727714533436
        ]
      },
      "Pr_model_given_f": {
        "k": 3,
        "n": 6,
        "point": 0.5,
        "ci": [
          0.18761280689940868,
          0.8123871931005913
        ]
      }
    },
    "lr_last_L40": {
      "n_orig_refusal": 322,
      "Pr_f_given_edit": {
        "k": 8,
        "n": 322,
        "point": 0.024844720496894408,
        "ci": [
          0.012641682389443479,
          0.04825170875521085
        ]
      },
      "Pr_model_given_edit": {
        "k": 43,
        "n": 322,
        "point": 0.13354037267080746,
        "ci": [
          0.10067442321459508,
          0.17504727714533436
        ]
      },
      "Pr_model_given_f": {
        "k": 6,
        "n": 8,
        "point": 0.75,
        "ci": [
          0.40926987910258916,
          0.9285223111419724
        ]
      }
    },
    "lr_last_L45": {
      "n_orig_refusal": 322,
      "Pr_f_given_edit": {
        "k": 8,
        "n": 322,
        "point": 0.024844720496894408,
        "ci": [
          0.012641682389443479,
          0.04825170875521085
        ]
      },
      "Pr_model_given_edit": {
        "k": 43,
        "n": 322,
        "point": 0.13354037267080746,
        "ci": [
          0.10067442321459508,
          0.17504727714533436
        ]
      },
      "Pr_model_given_f": {
        "k": 5,
        "n": 8,
        "point": 0.625,
        "ci": [
          0.30573785458380187,
          0.863158240538479
        ]
      }
    },
    "lr_last_L5": {
      "n_orig_refusal": 322,
      "Pr_f_given_edit": {
        "k": 2,
        "n": 322,
        "point": 0.006211180124223602,
        "ci": [
          0.0017049497697811389,
          0.022360731223683164
        ]
      },
      "Pr_model_given_edit": {
        "k": 43,
        "n": 322,
        "point": 0.13354037267080746,
        "ci": [
          0.10067442321459508,
          0.17504727714533436
        ]
      },
      "Pr_model_given_f": {
        "k": 2,
        "n": 2,
        "point": 1.0,
        "ci": [
          0.34237195288961925,
          1.0
        ]
      }
    },
    "lr_last_L50": {
      "n_orig_refusal": 322,
      "Pr_f_given_edit": {
        "k": 7,
        "n": 322,
        "point": 0.021739130434782608,
        "ci": [
          0.010569344614399102,
          0.04418609483839022
        ]
      },
      "Pr_model_given_edit": {
        "k": 43,
        "n": 322,
        "point": 0.13354037267080746,
        "ci": [
          0.10067442321459508,
          0.17504727714533436
        ]
      },
      "Pr_model_given_f": {
        "k": 5,
        "n": 7,
        "point": 0.7142857142857143,
        "ci": [
          0.35892909014821267,
          0.9177828342909844
        ]
      }
    },
    "lr_last_L55": {
      "n_orig_refusal": 322,
      "Pr_f_given_edit": {
        "k": 9,
        "n": 322,
        "point": 0.027950310559006212,
        "ci": [
          0.014772918720493314,
          0.05225842411602602
        ]
      },
      "Pr_model_given_edit": {
        "k": 43,
        "n": 322,
        "point": 0.13354037267080746,
        "ci": [
          0.10067442321459508,
          0.17504727714533436
        ]
      },
      "Pr_model_given_f": {
        "k": 7,
        "n": 9,
        "point": 0.7777777777777778,
        "ci": [
          0.4525833436728054,
          0.9367762376877727
        ]
      }
    },
    "lr_last_L60": {
      "n_orig_refusal": 322,
      "Pr_f_given_edit": {
        "k": 7,
        "n": 322,
        "point": 0.021739130434782608,
        "ci": [
          0.010569344614399102,
          0.04418609483839022
        ]
      },
      "Pr_model_given_edit": {
        "k": 43,