{
  "n_samples": 832,
  "n_pos": 419,
  "n_neg": 413,
  "layer_idxs": [
    0,
    5,
    10,
    15,
    20,
    25,
    30,
    35,
    40,
    45,
    50,
    55,
    60
  ],
  "n_folds": 5,
  "seed": 0,
  "C_grid": [
    0.01,
    0.1,
    1.0,
    10.0
  ],
  "per_layer_mean": {
    "0": {
      "auc_mean": 0.8516144971135962,
      "auc_std": 0.02575892956456561,
      "fold_aucs": [
        0.8359150889271372,
        0.8851118760757315,
        0.8304543475105239,
        0.8736933797909407,
        0.832897793263647
      ]
    },
    "5": {
      "auc_mean": 0.832226087507749,
      "auc_std": 0.028184133787905397,
      "fold_aucs": [
        0.8396442914515204,
        0.8664658634538152,
        0.8202932210770795,
        0.8434959349593496,
        0.7912311265969802
      ]
    },
    "10": {
      "auc_mean": 0.8702411341347929,
      "auc_std": 0.023256442469424824,
      "fold_aucs": [
        0.8618760757314974,
        0.9006024096385542,
        0.8471476266511831,
        0.8886469221835076,
        0.8529326364692219
      ]
    },
    "15": {
      "auc_mean": 0.8803142842981009,
      "auc_std": 0.017431036849989544,
      "fold_aucs": [
        0.8742111302352267,
        0.9008892713711991,
        0.8676150384671214,
        0.8966318234610917,
        0.8622241579558653
      ]
    },
    "20": {
      "auc_mean": 0.8933441123547127,
      "auc_std": 0.02806562993449722,
      "fold_aucs": [
        0.878944348823867,
        0.9110728628800918,
        0.8673247205690232,
        0.9337979094076655,
        0.8755807200929153
      ]
    },
    "25": {
      "auc_mean": 0.9117125948907085,
      "auc_std": 0.02383088397389485,
      "fold_aucs": [
        0.9125071715433162,
        0.9175272518646013,
        0.8953403977355204,
        0.9475900116144018,
        0.8855981416957027
      ]
    },
    "30": {
      "auc_mean": 0.9316021653466644,
      "auc_std": 0.013202069114902968,
      "fold_aucs": [
        0.9275674125071715,
        0.9378944348823867,
        0.9226302801567717,
        0.9513646922183508,
        0.9185540069686411
      ]
    },
    "35": {
      "auc_mean": 0.9386307962212814,
      "auc_std": 0.012997117174650531,
      "fold_aucs": [
        0.9388984509466437,
        0.9376075731497419,
        0.9288721149658876,
        0.960075493612079,
        0.9277003484320557
      ]
    },
    "40": {
      "auc_mean": 0.9444921620068284,
      "auc_std": 0.01879139799924672,
      "fold_aucs": [
        0.9444922547332186,
        0.9454962707974756,
        0.9309043402525765,
        0.9747386759581882,
        0.926829268292683
      ]
    },
    "45": {
      "auc_mean": 0.9230730908184184,
      "auc_std": 0.018981749444013245,
      "fold_aucs": [
        0.9318703384968445,
        0.9186746987951807,
        0.9169690811438524,
        0.9494773519163763,
        0.8983739837398375
      ]
    },
    "50": {
      "auc_mean": 0.9247281725870782,
      "auc_std": 0.0162192429770237,
      "fold_aucs": [
        0.9285714285714285,
        0.9219736087205967,
        0.915952968500508,
        0.9500580720092915,
        0.9070847851335657
      ]
    },
    "55": {
      "auc_mean": 0.9239226457907531,
      "auc_std": 0.015770672001940458,
      "fold_aucs": [
        0.9231210556511761,
        0.924411933448078,
        0.9113078821309334,
        0.9497677119628339,
        0.9110046457607434
      ]
    },
    "60": {
      "auc_mean": 0.908947776328436,
      "auc_std": 0.01836902986831093,
      "fold_aucs": [
        0.9043316121629374,
        0.9046184738955823,
        0.8867760197416171,
        0.9374274099883857,
        0.9115853658536586
      ]
    }
  },
  "per_layer_last": {
    "0": {
      "auc_mean": 0.5,
      "auc_std": 0.0,
      "fold_aucs": [
        0.5,
        0.5,
        0.5,
        0.5,
        0.5
      ]
    },
    "5": {
      "auc_mean": 0.8102319988994221,
      "auc_std": 0.03168931704106598,
      "fold_aucs": [
        0.8178427997705107,
        0.8344807802639128,
        0.8147771810132095,
        0.8286875725900116,
        0.7553716608594658
      ]
    },
    "10": {
      "auc_mean": 0.8404122598449714,
      "auc_std": 0.01509346062256814,
      "fold_aucs": [
        0.8435169248422261,
        0.8393574297188754,
        0.8403251560458701,
        0.8606271777003485,
        0.8182346109175377
      ]
    },
    "15": {
      "auc_mean": 0.8571211633823822,
      "auc_std": 0.031551939750756174,
      "fold_aucs": [
        0.876649454962708,
        0.8602983362019506,
        0.8435186529249529,
        0.8935830429732868,
        0.8115563298490128
      ]
    },
    "20": {
      "auc_mean": 0.88016755743009,
      "auc_std": 0.03304083209991009,
      "fold_aucs": [
        0.8879804934021802,
        0.8760757314974182,
        0.8485992161416751,
        0.9322009291521487,
        0.8559814169570267
      ]
    },
    "25": {
      "auc_mean": 0.897798321450025,
      "auc_std": 0.021592932021887057,
      "fold_aucs": [
        0.8922834193918532,
        0.9044750430292599,
        0.8980984177674554,
        0.9269744483159118,
        0.8671602787456446
      ]
    },
    "30": {
      "auc_mean": 0.9039170029684247,
      "auc_std": 0.013746044949738101,
      "fold_aucs": [
        0.8938611589214,
        0.8941480206540448,
        0.9056466831180142,
        0.9269744483159118,
        0.8989547038327527
      ]
    },
    "35": {
      "auc_mean": 0.9354366713316471,
      "auc_std": 0.010280607579234916,
      "fold_aucs": [
        0.9209695926563397,
        0.9317269076305221,
        0.9345333139788068,
        0.9478803716608595,
        0.9420731707317074
      ]
    },
    "40": {
      "auc_mean": 0.9491025223432666,
      "auc_std": 0.009037845975136431,
      "fold_aucs": [
        0.9523809523809522,
        0.9520940906483075,
        0.9332268834373639,
        0.9560104529616725,
        0.9518002322880371
      ]
    },
    "45": {
      "auc_mean": 0.9528002105394838,
      "auc_std": 0.004039159858104826,
      "fold_aucs": [
        0.955249569707401,
        0.9568273092369478,
        0.9462911888517928,
        0.953397212543554,
        0.9522357723577236
      ]
    },
    "50": {
      "auc_mean": 0.9463645817896497,
      "auc_std": 0.011488940333241144,
      "fold_aucs": [
        0.9470740103270223,
        0.9490820424555364,
        0.9266947307301495,
        0.9552845528455285,
        0.9536875725900116
      ]
    },
    "55": {
      "auc_mean": 0.9426269369489206,
      "auc_std": 0.01701448433252057,
      "fold_aucs": [
        0.953241537578887,
        0.9397590361445783,
        0.9162432863986065,
        0.9610917537746807,
        0.9427990708478513
      ]
    },
    "60": {
      "auc_mean": 0.9455625870258247,
      "auc_std": 0.014679170149897676,
      "fold_aucs": [
        0.9586919104991394,
        0.9449225473321858,
        0.9208883727681813,
        0.953397212543554,
        0.9499128919860628
      ]
    }
  },
  "multi_layer_concat": {
    "auc_mean": 0.9284801605144393,
    "auc_std": 0.014635270458584723,
    "best_C_mode": 0.1,
    "best_C_per_fold": [
      1.0,
      0.1,
      0.1,
      0.01,
      0.1
    ],
    "fold_results": [
      {
        "fold": 0,
        "best_C": 1.0,
        "auc": 0.9219736087205966,
        "coef_l1": 667.2367634762192,
        "n_train": 665,
        "n_test": 167
      },
      {
        "fold": 1,
        "best_C": 0.1,
        "auc": 0.9259896729776248,
        "coef_l1": 369.20744136930364,
        "n_train": 665,
        "n_test": 167
      },
      {
        "fold": 2,
        "best_C": 0.1,
        "auc": 0.9143562200609667,
        "coef_l1": 368.2271517981178,
        "n_train": 666,
        "n_test": 166
      },
      {
        "fold": 3,
        "best_C": 0.01,
        "auc": 0.9531068524970965,
        "coef_l1": 159.07057667608825,
        "n_train": 666,