{
  "threshold": 0.5,
  "n_edits": 403,
  "by_edit_kind": {
    "deepseek_single_round": {
      "n_orig_refusal": 81,
      "Pr_f_given_edit": {
        "k": 2,
        "n": 81,
        "point": 0.024691358024691357,
        "ci": [
          0.0067974449101870366,
          0.08562891197134277
        ]
      },
      "Pr_model_given_edit": {
        "k": 10,
        "n": 81,
        "point": 0.12345679012345678,
        "ci": [
          0.06846042262503366,
          0.21255266529410033
        ]
      },
      "Pr_model_given_f": {
        "k": 0,
        "n": 2,
        "point": 0.0,
        "ci": [
          0.0,
          0.6576280471103807
        ]
      }
    },
    "delete_top1_sentence": {
      "n_orig_refusal": 80,
      "Pr_f_given_edit": {
        "k": 0,
        "n": 80,
        "point": 0.0,
        "ci": [
          0.0,
          0.0458197362645751
        ]
      },
      "Pr_model_given_edit": {
        "k": 12,
        "n": 80,
        "point": 0.15,
        "ci": [
          0.08793954037414209,
          0.2441342750110605
        ]
      },
      "Pr_model_given_f": {
        "k": 0,
        "n": 0,
        "point": NaN,
        "ci": [
          NaN,
          NaN
        ]
      }
    },
    "delete_top1_word": {
      "n_orig_refusal": 80,
      "Pr_f_given_edit": {
        "k": 0,
        "n": 80,
        "point": 0.0,
        "ci": [
          0.0,
          0.0458197362645751
        ]
      },
      "Pr_model_given_edit": {
        "k": 11,
        "n": 80,
        "point": 0.1375,
        "ci": [
          0.07854633679551142,
          0.22967297199630554
        ]
      },
      "Pr_model_given_f": {
        "k": 0,
        "n": 0,
        "point": NaN,
        "ci": [
          NaN,
          NaN
        ]
      }
    },
    "delete_top3_words": {
      "n_orig_refusal": 81,
      "Pr_f_given_edit": {
        "k": 0,
        "n": 81,
        "point": 0.0,
        "ci": [
          0.0,
          0.04527967412212876
        ]
      },
      "Pr_model_given_edit": {
        "k": 10,
        "n": 81,
        "point": 0.12345679012345678,
        "ci": [
          0.06846042262503366,
          0.21255266529410033
        ]
      },
      "Pr_model_given_f": {
        "k": 0,
        "n": 0,
        "point": NaN,
        "ci": [
          NaN,
          NaN
        ]
      }
    }
  },
  "overall": {
    "n_orig_refusal": 322,
    "Pr_f_given_edit": {
      "k": 2,
      "n": 322,
      "point": 0.006211180124223602,
      "ci": [
        0.0017049497697811389,
        0.022360731223683164
      ]
    },
    "Pr_model_given_edit": {
      "k": 43,
      "n": 322,
      "point": 0.13354037267080746,
      "ci": [
        0.10067442321459508,
        0.17504727714533436
      ]
    },
    "Pr_model_given_f": {
      "k": 0,
      "n": 2,
      "point": 0.0,
      "ci": [
        0.0,
        0.6576280471103807
      ]
    }
  }
}