{
  "task": "refusal_gemma",
  "n_samples": 832,
  "d_model": 5376,
  "n_pos": 419,
  "n_neg": 413,
  "C_grid": [
    0.01,
    0.1,
    1.0,
    10.0
  ],
  "n_folds": 5,
  "seed": 0,
  "by_pool": {
    "mean_of_layers": {
      "auc_mean": 0.9253057273382183,
      "auc_std": 0.014325826708851849,
      "fold_aucs": [
        0.919104991394148,
        0.9208261617900172,
        0.9165336042967049,
        0.9507839721254355,
        0.9192799070847851
      ],
      "train_auc_mean": 0.9925279369653609,
      "fold_cs": [
        10.0,
        0.1,
        1.0,
        1.0,
        1.0
      ],
      "elapsed_s": 3570.7
    },
    "max_of_layers": {
      "auc_mean": 0.9180028665942052,
      "auc_std": 0.019270210211245965,
      "fold_aucs": [
        0.9136546184738956,
        0.9087779690189328,
        0.8969371461750616,
        0.948315911730546,
        0.92232868757259
      ],
      "train_auc_mean": 0.9997384427797581,
      "fold_cs": [
        10.0,
        1.0,
        1.0,
        0.1,
        0.1
      ],
      "elapsed_s": 5307.8
    },
    "min_of_layers": {
      "auc_mean": 0.9214633944029339,
      "auc_std": 0.01653362443348094,
      "fold_aucs": [
        0.9099254159495125,
        0.9221170395869192,
        0.9091304978951953,
        0.9494773519163764,
        0.9166666666666666
      ],
      "train_auc_mean": 0.9995759372270623,
      "fold_cs": [
        1.0,
        0.1,
        0.1,
        0.1,
        0.1
      ],
      "elapsed_s": 2740.9
    },
    "last_layer_L60": {
      "auc_mean": 0.9081665396315122,
      "auc_std": 0.017551807161498664,
      "fold_aucs": [
        0.8995983935742973,
        0.9082042455536431,
        0.8889534039773552,
        0.9362659698025553,
        0.9078106852497096
      ],
      "train_auc_mean": 0.9997970317323024,
      "fold_cs": [
        10.0,
        0.1,
        0.1,
        0.1,
        0.1
      ],
      "elapsed_s": 1260.9
    },
    "first_layer_L0": {
      "auc_mean": 0.8370846005237522,
      "auc_std": 0.0310885482358225,
      "fold_aucs": [
        0.8135398737808376,
        0.8647446930579461,
        0.8304543475105239,
        0.8736933797909407,
        0.8029907084785133
      ],
      "train_auc_mean": 0.9765219758246995,
      "fold_cs": [
        10.0,
        0.1,
        1.0,
        1.0,
        0.1
      ],
      "elapsed_s": 175.7
    },
    "mean_mid_L25_L45": {
      "auc_mean": 0.9355613588226379,
      "auc_std": 0.010116827880840123,
      "fold_aucs": [
        0.9371772805507745,
        0.9358864027538727,
        0.9294527507620844,
        0.9510743321718933,
        0.9242160278745645
      ],
      "train_auc_mean": 0.9917119059201058,
      "fold_cs": [
        1.0,
        0.1,
        1.0,
        0.1,
        1.0
      ],
      "elapsed_s": 545.5
    },
    "max_mid_L25_L45": {
      "auc_mean": 0.9360665153371979,
      "auc_std": 0.012948350451130896,
      "fold_aucs": [
        0.9400458978772233,
        0.9282845668387837,
        0.9294527507620844,
        0.9570267131242741,
        0.9255226480836236
      ],
      "train_auc_mean": 0.9988239874801064,
      "fold_cs": [
        1.0,
        10.0,
        10.0,
        0.1,
        1.0
      ],
      "elapsed_s": 576.0
    }
  }
}