{
  "task": "refusal_gemma",
  "n_samples": 832,
  "d_model": 5376,
  "n_pos": 419,
  "n_neg": 413,
  "C_grid": [
    0.01,
    0.1,
    1.0,
    10.0
  ],
  "n_folds": 5,
  "seed": 0,
  "single_layer": {
    "0": {
      "auc_mean": 0.8370846005237522,
      "auc_std": 0.0310885482358225,
      "fold_aucs": [
        0.8135398737808376,
        0.8647446930579461,
        0.8304543475105239,
        0.8736933797909407,
        0.8029907084785133
      ],
      "train_auc_mean": 0.9765219758246995,
      "fold_cs": [
        10.0,
        0.1,
        1.0,
        1.0,
        0.1
      ],
      "median_l1_norm": 624.1791682026053
    },
    "5": {
      "auc_mean": 0.8273928382182438,
      "auc_std": 0.031596095200151234,
      "fold_aucs": [
        0.7994836488812392,
        0.8643144004589787,
        0.8316156191029177,
        0.8503193960511034,
        0.7912311265969802
      ],
      "train_auc_mean": 0.9377138634588922,
      "fold_cs": [
        10.0,
        0.1,
        0.1,
        0.1,
        1.0
      ],
      "median_l1_norm": 62.8130660385835
    }
  },
  "pair_concat": {},
  "triple_concat": {}
}