{
  "task": "refusal_gemma",
  "n_samples": 832,
  "d_model": 5376,
  "n_pos": 419,
  "n_neg": 413,
  "C_grid": [
    0.01,
    0.1,
    1.0,
    10.0
  ],
  "n_folds": 5,
  "seed": 0,
  "single_layer": {
    "0": {
      "auc_mean": 0.8370846005237522,
      "auc_std": 0.0310885482358225,
      "fold_aucs": [
        0.8135398737808376,
        0.8647446930579461,
        0.8304543475105239,
        0.8736933797909407,
        0.8029907084785133
      ],
      "train_auc_mean": 0.9765219758246995,
      "fold_cs": [
        10.0,
        0.1,
        1.0,
        1.0,
        0.1
      ],
      "median_l1_norm": 624.1791682026053
    },
    "5": {
      "auc_mean": 0.8273928382182438,
      "auc_std": 0.031596095200151234,
      "fold_aucs": [
        0.7994836488812392,
        0.8643144004589787,
        0.8316156191029177,
        0.8503193960511034,
        0.7912311265969802
      ],
      "train_auc_mean": 0.9377138634588922,
      "fold_cs": [
        10.0,
        0.1,
        0.1,
        0.1,
        1.0
      ],
      "median_l1_norm": 62.8130660385835
    },
    "10": {
      "auc_mean": 0.8656809935683292,
      "auc_std": 0.022491264553560843,
      "fold_aucs": [
        0.8392139988525531,
        0.8760757314974184,
        0.8622441573523008,
        0.897938443670151,
        0.8529326364692219
      ],
      "train_auc_mean": 0.9568433455751286,
      "fold_cs": [
        10.0,
        0.01,
        0.1,
        0.1,
        1.0
      ],
      "median_l1_norm": 92.79485842118052
    },
    "15": {
      "auc_mean": 0.886315291812479,
      "auc_std": 0.02189885760544179,
      "fold_aucs": [
        0.8849684452094091,
        0.9059093516924842,
        0.8676150384671214,
        0.9108594657375145,
        0.8622241579558653
      ],
      "train_auc_mean": 0.966503083027207,
      "fold_cs": [
        0.1,
        0.1,
        1.0,
        0.1,
        1.0
      ],
      "median_l1_norm": 94.56596958391378
    },
    "20": {
      "auc_mean": 0.8923194562389604,
      "auc_std": 0.024690720470429743,
      "fold_aucs": [
        0.8823866896156053,
        0.9110728628800918,
        0.8673247205690232,
        0.9252322880371661,
        0.8755807200929153
      ],
      "train_auc_mean": 0.9857210800602602,
      "fold_cs": [
        0.1,
        1.0,
        1.0,
        0.1,
        1.0
      ],
      "median_l1_norm": 424.8361380727473
    },
    "25": {
      "auc_mean": 0.911748977354361,
      "auc_std": 0.021822980891593083,
      "fold_aucs": [
        0.9125071715433162,
        0.926419965576592,
        0.8953403977355204,
        0.9388792102206738,
        0.8855981416957027
      ],
      "train_auc_mean": 0.9940385030289886,
      "fold_cs": [
        1.0,
        0.1,
        1.0,
        0.1,
        1.0
      ],
      "median_l1_norm": 457.3501921062817
    },
    "30": {
      "auc_mean": 0.9303057576850368,
      "auc_std": 0.01323631945412997,
      "fold_aucs": [
        0.9275674125071715,
        0.9337349397590362,
        0.9203077369719843,
        0.9513646922183508,
        0.9185540069686411
      ],
      "train_auc_mean": 0.9957075180297099,
      "fold_cs": [
        1.0,
        0.1,
        10.0,
        1.0,
        1.0
      ],
      "median_l1_norm": 409.86082699025945
    },
    "35": {
      "auc_mean": 0.9363491959526111,
      "auc_std": 0.01244741482142988,
      "fold_aucs": [
        0.9388984509466437,
        0.9325874928284567,
        0.9288721149658876,
        0.9565911730545877,
        0.9247967479674797
      ],
      "train_auc_mean": 0.9882157369792983,
      "fold_cs": [
        1.0,
        0.01,
        1.0,
        0.1,
        0.1
      ],
      "median_l1_norm": 143.50129828801352
    },
    "40": {
      "auc_mean": 0.9410467106661817,
      "auc_std": 0.020073745007161345,
      "fold_aucs": [
        0.9444922547332186,
        0.9295754446356856,
        0.9295979097111338,
        0.9747386759581882,
        0.926829268292683
      ],
      "train_auc_mean": 0.9917034189413118,
      "fold_cs": [
        1.0,
        0.01,
        10.0,
        1.0,
        1.0
      ],
      "median_l1_norm": 402.04176246643635
    },
    "45": {
      "auc_mean": 0.9216786629326592,
      "auc_std": 0.015902629948517957,
      "fold_aucs": [
        0.928714859437751,
        0.9221170395869192,
        0.9169690811438524,
        0.9419279907084785,
        0.898664343786295
      ],
      "train_auc_mean": 0.9960176064297338,
      "fold_cs": [
        10.0,
        0.1,
        1.0,
        0.1,
        0.1
      ],
      "median_l1_norm": 166.52392166304003
    },
    "50": {
      "auc_mean": 0.9226074947537937,
      "auc_std": 0.012148679434513985,
      "fold_aucs": [
        0.9285714285714286,
        0.922403901319564,
        0.915952968500508,
        0.9390243902439025,
        0.9070847851335657
      ],
      "train_auc_mean": 0.9862770135277238,
      "fold_cs": [
        10.0,
        0.01,
        1.0,
        0.1,
        1.0
      ],
      "median_l1_norm": 456.68670500510746
    },
    "55": {
      "auc_mean": 0.9230291764429787,
      "auc_std": 0.015063365630385425,
      "fold_aucs": [
        0.9225473321858864,
        0.9222604704532416,
        0.9113078821309334,
        0.9480255516840882,
        0.9110046457607434
      ],
      "train_auc_mean": 0.9874756952313544,
      "fold_cs": [
        10.0,
        0.01,
        1.0,
        10.0,
        1.0
      ],
      "median_l1_norm": 483.2849444133579
    },
    "60": {
      "auc_mean": 0.9081665396315122,
      "auc_std": 0.017551807161498664,
      "fold_aucs": [
        0.8995983935742973,
        0.9082042455536431,
        0.8889534039773552,
        0.9362659698025553,
        0.9078106852497096
      ],
      "train_auc_mean": 0.9997970317323024,
      "fold_cs": [
        10.0,
        0.1,
        0.1,
        0.1,
        0.1
      ],
      "median_l1_norm": 170.3379081944099
    }
  },
  "pair_concat": {
    "L0+L5": {
      "auc_mean": 0.8414981111634313,
      "auc_std": 0.03385250663429422,
      "fold_aucs": [
        0.8179862306368332,
        0.8841078600114745,
        0.8291479169690811,
        0.8700638792102207,
        0.8061846689895471
      ],
      "train_auc_mean": 0.9761390356973845,
      "fold_cs": [
        10.0,
        0.1,
        0.1,
        1.0,
        0.1
      ],
      "median_l1_norm": 190.5727810475271
    },
    "L5+L10": {
      "auc_mean": 0.8565192553093024,
      "auc_std": 0.029094523784526642,
      "fold_aucs": [
        0.8209982788296041,
        0.8769363166953528,
        0.8503411235302657,
        0.8940185830429732,
        0.8403019744483159
      ],
      "train_auc_mean": 0.9569031681907747,
      "fold_cs": [
        10.0,
        0.01,
        0.1,
        0.1,
        0.1
      ],
      "median_l1_norm": 114.29094693635716
    },
    "L10+L15": {
      "auc_mean": 0.8774929279268117,
      "auc_std": 0.020700975142906534,
      "fold_aucs": [
        0.8634538152610441,
        0.8898450946643718,
        0.8664537668747279,
        0.9079558652729385,
        0.8597560975609756
      ],
      "train_auc_mean": 0.9628109979782883,
      "fold_cs": [
        1.0,
        0.01,
        0.1,
        0.1,
        0.1
      ],
      "median_l1_norm": 137.13254984067765
    },
    "L15+L20": {
      "auc_mean": 0.8900116818392331,
      "auc_std": 0.02536873584418564,
      "fold_aucs": [
        0.8858290304073437,
        0.9014629948364888,
        0.8651473363332849,
        0.9275551684088269,
        0.8700638792102207
      ],
      "train_auc_mean": 0.9738359310222278,
      "fold_cs": [
        0.1,
        0.01,
        1.0,
        0.1,
        1.0
      ],
      "median_l1_norm": 172.48418563337145
    }
  },
  "triple_concat": {}
}