{
  "task": "refusal_gemma",
  "n_samples": 832,
  "d_model": 5376,
  "n_pos": 419,
  "n_neg": 413,
  "C_grid": [
    0.01,
    0.1,
    1.0,
    10.0
  ],
  "n_folds": 5,
  "seed": 0,
  "by_pool": {
    "mean_of_layers": {
      "auc_mean": 0.9253057273382183,
      "auc_std": 0.014325826708851849,
      "fold_aucs": [
        0.919104991394148,
        0.9208261617900172,
        0.9165336042967049,
        0.9507839721254355,
        0.9192799070847851
      ],
      "train_auc_mean": 0.9925279369653609,
      "fold_cs": [
        10.0,
        0.1,
        1.0,
        1.0,
        1.0
      ],
      "elapsed_s": 3570.7
    },
    "max_of_layers": {
      "auc_mean": 0.9180028665942052,
      "auc_std": 0.019270210211245965,
      "fold_aucs": [
        0.9136546184738956,
        0.9087779690189328,
        0.8969371461750616,
        0.948315911730546,
        0.92232868757259
      ],
      "train_auc_mean": 0.9997384427797581,
      "fold_cs": [
        10.0,
        1.0,
        1.0,
        0.1,
        0.1
      ],
      "elapsed_s": 5307.8
    }
  }
}