{
  "task": "refusal_gemma",
  "n_samples": 878,
  "n_pos": 421,
  "n_neg": 457,
  "n_folds": 5,
  "seed": 0,
  "C_grid": [
    0.01,
    0.1,
    1.0,
    10.0
  ],
  "majority_baseline": {
    "acc_mean": 0.5205,
    "acc_std": 0.0023640733861719455,
    "auc": 0.5,
    "fold_accs": [
      0.5227272727272727,
      0.5227272727272727,
      0.5170454545454546,
      0.52,
      0.52
    ]
  },
  "random_baseline": {
    "auc_mean": 0.48287877692883174,
    "auc_std": 0.026371127215097528,
    "fold_aucs": [
      0.5031055900621118,
      0.47696687370600416,
      0.5170006464124112,
      0.4582679225536368,
      0.4590528519099948
    ]
  },
  "tfidf_word_lr": {
    "auc_mean": 0.8769655203218412,
    "auc_std": 0.02540649297080063,
    "fold_aucs": [
      0.8791407867494825,
      0.8587603519668737,
      0.9109243697478991,
      0.8464154892726321,
      0.8895866038723181
    ],
    "train_auc_mean": 0.9824501314529197,
    "fold_cs": [
      10.0,
      1.0,
      10.0,
      10.0,
      1.0
    ],
    "wall_seconds": 15.5
  },
  "tfidf_char_lr": {
    "auc_mean": 0.8700942935702709,
    "auc_std": 0.03843425075296128,
    "fold_aucs": [
      0.8662008281573498,
      0.8503493788819876,
      0.9044602456367162,
      0.8185504971219257,
      0.9109105180533752
    ],
    "train_auc_mean": 0.9796053974265604,
    "fold_cs": [
      10.0,
      1.0,
      10.0,
      10.0,
      10.0
    ],
    "wall_seconds": 92.9
  }
}