{
  "lr_last_L45": {
    "k": 0,
    "n": 58,
    "point": 0.0,
    "ci": [
      0.0,
      0.062119996895293766
    ]
  },
  "lr_max_of_layers": {
    "k": 0,
    "n": 58,
    "point": 0.0,
    "ci": [
      0.0,
      0.062119996895293766
    ]
  },
  "lr_mean_L40": {
    "k": 0,
    "n": 58,
    "point": 0.0,
    "ci": [
      0.0,
      0.062119996895293766
    ]
  },
  "lr_mean_of_layers": {
    "k": 0,
    "n": 58,
    "point": 0.0,
    "ci": [
      0.0,
      0.062119996895293766
    ]
  },
  "lr_multi_concat": {
    "k": 0,
    "n": 58,
    "point": 0.0,
    "ci": [
      0.0,
      0.062119996895293766
    ]
  }
}