{
  "lr_last_L45": {
    "k": 2,
    "n": 81,
    "point": 0.024691358024691357,
    "ci": [
      0.0067974449101870366,
      0.08562891197134277
    ]
  },
  "lr_max_of_layers": {
    "k": 1,
    "n": 81,
    "point": 0.012345679012345678,
    "ci": [
      0.0021825938606520115,
      0.06667042164117726
    ]
  },
  "lr_mean_L40": {
    "k": 2,
    "n": 81,
    "point": 0.024691358024691357,
    "ci": [
      0.0067974449101870366,
      0.08562891197134277
    ]
  },
  "lr_mean_of_layers": {
    "k": 2,
    "n": 81,
    "point": 0.024691358024691357,
    "ci": [
      0.0067974449101870366,
      0.08562891197134277
    ]
  },
  "lr_multi_concat": {
    "k": 1,
    "n": 81,
    "point": 0.012345679012345678,
    "ci": [
      0.0021825938606520115,
      0.06667042164117726
    ]
  }
}