{
  "delete_top1_word": {
    "n_orig_refusal": 70,
    "Pr_f_given_edit": {
      "k": 1,
      "n": 70,
      "point": 0.014285714285714285,
      "ci": [
        0.0025262464578903188,
        0.07658187131208327
      ]
    },
    "Pr_model_given_edit": {
      "k": 1,
      "n": 70,
      "point": 0.014285714285714285,
      "ci": [
        0.0025262464578903188,
        0.07658187131208327
      ]
    },
    "Pr_model_given_f_orig_refusal": {
      "k": 0,
      "n": 1,
      "point": 0.0,
      "ci": [
        0.0,
        0.7934506856227626
      ]
    }
  },
  "delete_top3_words": {
    "n_orig_refusal": 71,
    "Pr_f_given_edit": {
      "k": 1,
      "n": 71,
      "point": 0.014084507042253521,
      "ci": [
        0.002490603270544213,
        0.07556050520249005
      ]
    },
    "Pr_model_given_edit": {
      "k": 0,
      "n": 71,
      "point": 0.0,
      "ci": [
        0.0,
        0.05132795219689035
      ]
    },
    "Pr_model_given_f_orig_refusal": {
      "k": 0,
      "n": 1,
      "point": 0.0,
      "ci": [
        0.0,
        0.7934506856227626
      ]
    }
  },
  "delete_top1_sentence": {
    "n_orig_refusal": 70,
    "Pr_f_given_edit": {
      "k": 1,
      "n": 70,
      "point": 0.014285714285714285,
      "ci": [
        0.0025262464578903188,
        0.07658187131208327
      ]
    },
    "Pr_model_given_edit": {
      "k": 2,
      "n": 70,
      "point": 0.02857142857142857,
      "ci": [
        0.007870611945441225,
        0.09832256118423902
      ]
    },
    "Pr_model_given_f_orig_refusal": {
      "k": 0,
      "n": 1,
      "point": 0.0,
      "ci": [
        0.0,
        0.7934506856227626
      ]
    }
  },
  "deepseek_single_round": {
    "n_orig_refusal": 71,
    "Pr_f_given_edit": {
      "k": 1,
      "n": 71,
      "point": 0.014084507042253521,
      "ci": [
        0.002490603270544213,
        0.07556050520249005
      ]
    },
    "Pr_model_given_edit": {
      "k": 2,
      "n": 71,
      "point": 0.028169014084507043,
      "ci": [
        0.007759263582683515,
        0.0970150011664947
      ]
    },
    "Pr_model_given_f_orig_refusal": {
      "k": 0,
      "n": 1,
      "point": 0.0,
      "ci": [
        0.0,
        0.7934506856227626
      ]
    }
  }
}