{
  "n_rewrites": 567,
  "tfidf_cosine": {
    "mean": 0.30223991218251745,
    "std": 0.147562861426536,
    "min": 0.061709778917176404,
    "max": 0.9364661522177383,
    "p10": 0.1385539073055585,
    "p90": 0.47426203434195074
  },
  "jaccard_word": {
    "mean": 0.25858116875943865,
    "std": 0.13631816564345933,
    "min": 0.07360406091370558,
    "max": 0.9444444444444444
  },
  "char_len_ratio": {
    "mean": 0.33697458579854334,
    "std": 0.21963577815609797,
    "min": 0.09037328094302555,
    "max": 1.0601941747572816
  }
}