{
  "task": "cyber_1",
  "d_pca": 16,
  "n_quadratic_features": 152,
  "n_samples": 999,
  "d_model": 5376,
  "layer_idxs": [
    0,
    5,
    10,
    15,
    20,
    25,
    30,
    35,
    40,
    45,
    50,
    55,
    60
  ],
  "n_folds": 5,
  "seed": 0,
  "alpha_grid": [
    0.1,
    1.0,
    10.0,
    100.0
  ],
  "by_layer": {
    "0": {
      "linear": {
        "auc_mean": 0.9545252525252526,
        "auc_std": 0.009719152526012546,
        "auc_min": 0.9397,
        "auc_max": 0.9661000000000001,
        "auc_wilson95_lo": 0.9325402079003304,
        "auc_wilson95_hi": 0.9695791338238395,
        "acc_mean": 0.8989095477386935,
        "acc_std": 0.021565098443363264,
        "train_auc_mean": 0.999897296365915
      },
      "linear_on_pcs": {
        "auc_mean": 0.9108620202020201,
        "auc_std": 0.016335489659826077,
        "auc_min": 0.8956,
        "auc_max": 0.9379000000000001,
        "auc_wilson95_lo": 0.8826519802099041,
        "auc_wilson95_hi": 0.9328067278483828,
        "acc_mean": 0.8818894472361809,
        "acc_std": 0.01597967628869742,
        "train_auc_mean": 0.9181337406015038
      },
      "quadratic": {
        "auc_mean": 0.9146862626262626,
        "auc_std": 0.010305624341694995,
        "auc_min": 0.9031313131313131,
        "auc_max": 0.9287000000000001,
        "auc_wilson95_lo": 0.8869279635933106,
        "auc_wilson95_hi": 0.9361209125341522,
        "acc_mean": 0.8778743718592965,
        "acc_std": 0.02821384630290526,
        "train_auc_mean": 0.9638869642857142
      },
      "delta_quad_vs_linear": -0.03983898989898993,
      "delta_quad_vs_lin_on_pcs": 0.0038242424242425077,
      "elapsed_s": 362.5
    },
    "5": {
      "linear": {
        "auc_mean": 0.9501288888888888,
        "auc_std": 0.010965869046756761,
        "auc_min": 0.9386,
        "auc_max": 0.9635,
        "auc_wilson95_lo": 0.9273819671960217,
        "auc_wilson95_hi": 0.9660116884467216,
        "acc_mean": 0.8918844221105529,
        "acc_std": 0.017946849425678382,
        "train_auc_mean": 0.9976066071428571
      },
      "linear_on_pcs": {
        "auc_mean": 0.9347242424242426,
        "auc_std": 0.026170027946452235,
        "auc_min": 0.9049,
        "auc_max": 0.9631000000000001,
        "auc_wilson95_lo": 0.9095875956047003,
        "auc_wilson95_hi": 0.9532316762145433,
        "acc_mean": 0.892894472361809,
        "acc_std": 0.02489032025147843,
        "train_auc_mean": 0.9452075971177946
      },
      "quadratic": {
        "auc_mean": 0.9409814141414141,
        "auc_std": 0.014814723085498098,
        "auc_min": 0.9246,
        "auc_max": 0.9645,
        "auc_wilson95_lo": 0.9167686471789405,
        "auc_wilson95_hi": 0.9584695509797945,
        "acc_mean": 0.899894472361809,
        "acc_std": 0.017360149074518293,
        "train_auc_mean": 0.9749988972431078
      },
      "delta_quad_vs_linear": -0.009147474747474682,
      "delta_quad_vs_lin_on_pcs": 0.00625717171717155,
      "elapsed_s": 634.1
    },
    "10": {
      "linear": {
        "auc_mean": 0.9652248484848485,
        "auc_std": 0.013205602436876736,
        "auc_min": 0.9490000000000001,
        "auc_max": 0.9792000000000001,
        "auc_wilson95_lo": 0.9452914396100751,
        "auc_wilson95_hi": 0.9780639333580332,
        "acc_mean": 0.9098994974874373,
        "acc_std": 0.022695000916264106,
        "train_auc_mean": 0.9998922901002507
      },
      "linear_on_pcs": {
        "auc_mean": 0.9421363636363637,
        "auc_std": 0.023536756027488573,
        "auc_min": 0.9158000000000001,
        "auc_max": 0.9701,
        "auc_wilson95_lo": 0.9181006868628163,
        "auc_wilson95_hi": 0.9594297981871749,
        "acc_mean": 0.8978894472361809,
        "acc_std": 0.024693565251788237,
        "train_auc_mean": 0.9532488063909774
      },
      "quadratic": {
        "auc_mean": 0.9452549494949494,
        "auc_std": 0.018434101750179933,
        "auc_min": 0.928,
        "auc_max": 0.9734,
        "auc_wilson95_lo": 0.921708516214463,
        "auc_wilson95_hi": 0.9620115844976443,
        "acc_mean": 0.9028894472361809,
        "acc_std": 0.024721530583522933,
        "train_auc_mean": 0.9774570300751879
      },
      "delta_quad_vs_linear": -0.019969898989899093,
      "delta_quad_vs_lin_on_pcs": 0.0031185858585857096,
      "elapsed_s": 952.4
    },
    "15": {
      "linear": {
        "auc_mean": 0.9692038383838384,
        "auc_std": 0.010612729298389837,
        "auc_min": 0.9582,
        "auc_max": 0.9825,
        "auc_wilson95_lo": 0.9501222651747432,
        "auc_wilson95_hi": 0.9811304110311088,
        "acc_mean": 0.9129145728643216,
        "acc_std": 0.020787240155902366,
        "train_auc_mean": 0.9999047994987469
      },
      "linear_on_pcs": {
        "auc_mean": 0.9470636363636362,
        "auc_std": 0.02399792174197347,
        "auc_min": 0.9234,
        "auc_max": 0.9754999999999999,
        "auc_wilson95_lo": 0.9238087230641061,
        "auc_wilson95_hi": 0.9635011702905438,
        "acc_mean": 0.8998894472361808,
        "acc_std": 0.02429660323303278,
        "train_auc_mean": 0.9571078070175438
      },
      "quadratic": {
        "auc_mean": 0.9509547474747475,
        "auc_std": 0.017771358939348662,
        "auc_min": 0.9349000000000001,
        "auc_max": 0.9769,
        "auc_wilson95_lo": 0.9283478447829485,
        "auc_wilson95_hi": 0.9666849343181569,
        "acc_mean": 0.9008844221105526,
        "acc_std": 0.02054726032395889,
        "train_auc_mean": 0.9767640946115288
      },
      "delta_quad_vs_linear": -0.01824909090909088,
      "delta_quad_vs_lin_on_pcs": 0.0038911111111112895,
      "elapsed_s": 1086.4
    },
    "20": {
      "linear": {
        "auc_mean": 0.9756630303030303,
        "auc_std": 0.009074774419354321,
        "auc_min": 0.9639,
        "auc_max": 0.9856,
        "auc_wilson95_lo": 0.9581008066744254,
        "auc_wilson95_hi": 0.9859717556210068,
        "acc_mean": 0.9219195979899497,
        "acc_std": 0.023620633616953438,
        "train_auc_mean": 0.9999924812030075
      },
      "linear_on_pcs": {
        "auc_mean": 0.9479583838383838,
        "auc_std": 0.025743406980407266,
        "auc_min": 0.911,
        "auc_max": 0.9756,
        "auc_wilson95_lo": 0.9248498984211928,
        "auc_wilson95_hi": 0.9642358456665996,
        "acc_mean": 0.891889447236181,
        "acc_std": 0.020201828466429383,
        "train_auc_mean": 0.9590815006265665
      },
      "quadratic": {
        "auc_mean": 0.9508266666666667,
        "auc_std": 0.023103828446577622,
        "auc_min": 0.9243,
        "auc_max": 0.9807,
        "auc_wilson95_lo": 0.928197957994324,
        "auc_wilson95_hi": 0.9665806126252252,
        "acc_mean": 0.8958793969849246,
        "acc_std": 0.028677462336114058,
        "train_auc_mean": 0.9821863314536341
      },
      "delta_quad_vs_linear": -0.024836363636363545,
      "delta_quad_vs_lin_on_pcs": 0.0028682828282828865,
      "elapsed_s": 1167.7
    },
    "25": {
      "linear": {
        "auc_mean": 0.9800692929292929,
        "auc_std": 0.0108409678215474,
        "auc_min": 0.9685,
        "auc_max": 0.9935,
        "auc_wilson95_lo": 0.9636679345985496,
        "auc_wilson95_hi": 0.9891499608060635,
        "acc_mean": 0.9229246231155781,
        "acc_std": 0.028629556824223013,
        "train_auc_mean": 1.0
      },
      "linear_on_pcs": {
        "auc_mean": 0.960250303030303,
        "auc_std": 0.015487773785240185,
        "auc_min": 0.9410000000000001,
        "auc_max": 0.9771,
        "auc_wilson95_lo": 0.9393243021963781,
        "auc_wilson95_hi": 0.9741578378855505,
        "acc_mean": 0.8999045226130653,
        "acc_std": 0.02497703169554775,
        "train_auc_mean": 0.9658991228070175
      },
      "quadratic": {
        "auc_mean": 0.9609935353535354,
        "auc_std": 0.014817830061994513,
        "auc_min": 0.9457000000000001,
        "auc_max": 0.9791000000000001,
        "auc_wilson95_lo": 0.9402112371917279,