{
  "task": "refusal_gemma",
  "d_pca": 16,
  "n_quadratic_features": 152,
  "n_samples": 832,
  "d_model": 5376,
  "layer_idxs": [
    0,
    5,
    10,
    15,
    20,
    25,
    30,
    35,
    40,
    45,
    50,
    55,
    60
  ],
  "n_folds": 5,
  "seed": 0,
  "alpha_grid": [
    0.1,
    1.0,
    10.0,
    100.0
  ],
  "by_layer": {
    "0": {
      "linear": {
        "auc_mean": 0.8516144971135962,
        "auc_std": 0.02575892956456561,
        "auc_min": 0.8304543475105239,
        "auc_max": 0.8851118760757315,
        "auc_wilson95_lo": 0.8177776818931346,
        "auc_wilson95_hi": 0.8800894595132045,
        "acc_mean": 0.7860399682562585,
        "acc_std": 0.025853941239070005,
        "train_auc_mean": 0.9966522609549393
      },
      "linear_on_pcs": {
        "auc_mean": 0.7638026140075183,
        "auc_std": 0.03692180626621521,
        "auc_min": 0.7057200929152149,
        "auc_max": 0.8066551921973608,
        "auc_wilson95_lo": 0.7246483971740476,
        "auc_wilson95_hi": 0.798934042242464,
        "acc_mean": 0.7090902532284827,
        "acc_std": 0.04045527511974917,
        "train_auc_mean": 0.7947131775663475
      },
      "quadratic": {
        "auc_mean": 0.7442108765021043,
        "auc_std": 0.042717119189307325,
        "auc_min": 0.7044134727061557,
        "auc_max": 0.798766494549627,
        "auc_wilson95_lo": 0.704205743454213,
        "auc_wilson95_hi": 0.7804919800011434,
        "acc_mean": 0.6910179640718563,
        "acc_std": 0.045051325562353,
        "train_auc_mean": 0.9105313640856545
      },
      "delta_quad_vs_linear": -0.10740362061149189,
      "delta_quad_vs_lin_on_pcs": -0.019591737505413986,
      "elapsed_s": 306.7
    },
    "5": {
      "linear": {
        "auc_mean": 0.832226087507749,
        "auc_std": 0.028184133787905397,
        "auc_min": 0.7912311265969802,
        "auc_max": 0.8664658634538152,
        "auc_wilson95_lo": 0.7969666974150557,
        "auc_wilson95_hi": 0.86241928323392,
        "acc_mean": 0.7655724695187938,
        "acc_std": 0.024261673542527524,
        "train_auc_mean": 0.9654767089338494
      },
      "linear_on_pcs": {
        "auc_mean": 0.8271797192548371,
        "auc_std": 0.03639183577130587,
        "auc_min": 0.7668408826945411,
        "auc_max": 0.8638841078600115,
        "auc_wilson95_lo": 0.791576360989179,
        "auc_wilson95_hi": 0.8577938364197628,
        "acc_mean": 0.7475362527956136,
        "acc_std": 0.03585210106908493,
        "train_auc_mean": 0.8473242265054839
      },
      "quadratic": {
        "auc_mean": 0.8101276564214122,
        "auc_std": 0.02029122734693664,
        "auc_min": 0.7752613240418118,
        "auc_max": 0.8238668961560527,
        "auc_wilson95_lo": 0.773434978878604,
        "auc_wilson95_hi": 0.8420911238120276,
        "acc_mean": 0.7487555010461004,
        "acc_std": 0.021566368246485387,
        "train_auc_mean": 0.941516130569215
      },
      "delta_quad_vs_linear": -0.0220984310863368,
      "delta_quad_vs_lin_on_pcs": -0.017052062833424975,
      "elapsed_s": 756.1
    },
    "10": {
      "linear": {
        "auc_mean": 0.8702411341347929,
        "auc_std": 0.023256442469424824,
        "auc_min": 0.8471476266511831,
        "auc_max": 0.9006024096385542,
        "auc_wilson95_lo": 0.8379401879215569,
        "auc_wilson95_hi": 0.8968961855235753,
        "acc_mean": 0.8016449029651541,
        "acc_std": 0.03678449501211477,
        "train_auc_mean": 0.9945052462442889
      },
      "linear_on_pcs": {
        "auc_mean": 0.8434689010017653,
        "auc_std": 0.0358652517762457,
        "auc_min": 0.7799070847851336,
        "auc_max": 0.8638841078600116,
        "auc_wilson95_lo": 0.8090140981712756,
        "auc_wilson95_hi": 0.8726860651375209,
        "acc_mean": 0.7559772022220619,
        "acc_std": 0.03604332387256284,
        "train_auc_mean": 0.8618888759892614
      },
      "quadratic": {
        "auc_mean": 0.8345122903772431,
        "auc_std": 0.018606708834451445,
        "auc_min": 0.8184061547394397,
        "auc_max": 0.8640275387263339,
        "auc_wilson95_lo": 0.7994121586600709,
        "auc_wilson95_hi": 0.8645113648783647,
        "acc_mean": 0.7668277902027272,
        "acc_std": 0.012265767844206214,
        "train_auc_mean": 0.9406966855472966
      },
      "delta_quad_vs_linear": -0.03572884375754981,
      "delta_quad_vs_lin_on_pcs": -0.008956610624522243,
      "elapsed_s": 1319.7
    },
    "15": {
      "linear": {
        "auc_mean": 0.8803142842981009,
        "auc_std": 0.017431036849989544,
        "auc_min": 0.8622241579558653,
        "auc_max": 0.9008892713711991,
        "auc_wilson95_lo": 0.848923370553529,
        "auc_wilson95_hi": 0.9059056953634198,
        "acc_mean": 0.802835293268884,
        "acc_std": 0.03314833283273364,
        "train_auc_mean": 0.9931125077519767
      },
      "linear_on_pcs": {
        "auc_mean": 0.8480659846050589,
        "auc_std": 0.03821077859791788,
        "auc_min": 0.7800522648083625,
        "auc_max": 0.871055651176133,
        "auc_wilson95_lo": 0.8139561821843133,
        "auc_wilson95_hi": 0.8768680463134106,
        "acc_mean": 0.7607459779236707,
        "acc_std": 0.045964749656655896,
        "train_auc_mean": 0.8662062676442666
      },
      "quadratic": {
        "auc_mean": 0.8388033726779837,
        "auc_std": 0.006073859401488545,
        "auc_min": 0.8314459930313588,
        "auc_max": 0.8466724039013196,
        "auc_wilson95_lo": 0.8040080915381176,
        "auc_wilson95_hi": 0.8684321608705434,
        "acc_mean": 0.7680398239665248,
        "acc_std": 0.026279685034262625,
        "train_auc_mean": 0.9485129334949869
      },
      "delta_quad_vs_linear": -0.04151091162011722,
      "delta_quad_vs_lin_on_pcs": -0.009262611927075226,
      "elapsed_s": 1575.5
    },
    "20": {
      "linear": {
        "auc_mean": 0.8933441123547127,
        "auc_std": 0.02806562993449722,
        "auc_min": 0.8673247205690232,
        "auc_max": 0.9337979094076655,
        "auc_wilson95_lo": 0.8632254381838496,
        "auc_wilson95_hi": 0.9174645889094128,
        "acc_mean": 0.8137003102229275,
        "acc_std": 0.019983633266668802,
        "train_auc_mean": 0.9986422036376494
      },
      "linear_on_pcs": {
        "auc_mean": 0.8513828286573102,
        "auc_std": 0.03250271884503609,
        "auc_min": 0.8008130081300814,
        "auc_max": 0.8878370625358577,
        "auc_wilson95_lo": 0.817528009815879,
        "auc_wilson95_hi": 0.8798793274450978,
        "acc_mean": 0.7655652550321045,
        "acc_std": 0.03553592436979562,
        "train_auc_mean": 0.8721997329500599
      },
      "quadratic": {
        "auc_mean": 0.8522403538843675,
        "auc_std": 0.016861246244506026,
        "auc_min": 0.8353413654618473,
        "auc_max": 0.8789443488238669,
        "auc_wilson95_lo": 0.8184523039039637,
        "auc_wilson95_hi": 0.8806570072056539,
        "acc_mean": 0.7655868984921722,
        "acc_std": 0.024794000804674875,
        "train_auc_mean": 0.9498644887475883
      },
      "delta_quad_vs_linear": -0.0411037584703452,
      "delta_quad_vs_lin_on_pcs": 0.0008575252270572875,
      "elapsed_s": 1663.7
    }
  }
}